"County","cofips","year","pop"
"Adams","001","2000",31154
"Antelope","003","2000",7435
"Arthur","005","2000",445
"Banner","007","2000",819
"Blaine","009","2000",583
"Boone","011","2000",6214
"BoxButte","013","2000",12235
"Boyd","015","2000",2431
"Brown","017","2000",3534
"Buffalo","019","2000",42310
"Burt","021","2000",7786
"Butler","023","2000",8826
"Cass","025","2000",24365
"Cedar","027","2000",9604
"Chase","029","2000",4053
"Cherry","031","2000",6152
"Cheyenne","033","2000",9832
"Clay","035","2000",7029
"Colfax","037","2000",10452
"Cuming","039","2000",10169
"Custer","041","2000",11784
"Dakota","043","2000",20296
"Dawes","045","2000",9054
"Dawson","047","2000",24410
"Deuel","049","2000",2086
"Dixon","051","2000",6246
"Dodge","053","2000",36231
"Douglas","055","2000",464701
"Dundy","057","2000",2268
"Fillmore","059","2000",6607
"Franklin","061","2000",3544
"Frontier","063","2000",3085
"Furnas","065","2000",5299
"Gage","067","2000",22955
"Garden","069","2000",2289
"Garfield","071","2000",1899
"Gosper","073","2000",2146
"Grant","075","2000",736
"Greeley","077","2000",2712
"Hall","079","2000",53569
"Hamilton","081","2000",9377
"Harlan","083","2000",3764
"Hayes","085","2000",1070
"Hitchcock","087","2000",3103
"Holt","089","2000",11487
"Hooker","091","2000",773
"Howard","093","2000",6523
"Jefferson","095","2000",8324
"Johnson","097","2000",4506
"Kearney","099","2000",6889
"Keith","101","2000",8839
"KeyaPaha","103","2000",981
"Kimball","105","2000",4060
"Knox","107","2000",9336
"Lancaster","109","2000",251523
"Lincoln","111","2000",34660
"Logan","113","2000",773
"Loup","115","2000",709
"Madison","119","2000",35230
"McPherson","117","2000",532
"Merrick","121","2000",8152
"Morrill","123","2000",5420
"Nance","125","2000",4054
"Nemaha","127","2000",7578
"Nuckolls","129","2000",5032
"Otoe","131","2000",15494
"Pawnee","133","2000",3088
"Perkins","135","2000",3181
"Phelps","137","2000",9733
"Pierce","139","2000",7824
"Platte","141","2000",31500
"Polk","143","2000",5610
"RedWillow","145","2000",11487
"Richardson","147","2000",9507
"Rock","149","2000",1743
"Saline","151","2000",13880
"Sarpy","153","2000",123309
"Saunders","155","2000",19852
"ScottsBluff","157","2000",37012
"Seward","159","2000",16519
"Sheridan","161","2000",6165
"Sherman","163","2000",3298
"Sioux","165","2000",1471
"Stanton","167","2000",6416
"Thayer","169","2000",6030
"Thomas","171","2000",733
"Thurston","173","2000",7139
"Valley","175","2000",4649
"Washington","177","2000",18803
"Wayne","179","2000",9854
"Webster","181","2000",4045
"Wheeler","183","2000",885
"York","185","2000",14553
"Adams","001","2001",31021
"Antelope","003","2001",7242
"Arthur","005","2001",423
"Banner","007","2001",808
"Blaine","009","2001",564
"Boone","011","2001",6146
"BoxButte","013","2001",11985
"Boyd","015","2001",2390
"Brown","017","2001",3510
"Buffalo","019","2001",42418
"Burt","021","2001",7659
"Butler","023","2001",8878
"Cass","025","2001",24460
"Cedar","027","2001",9470
"Chase","029","2001",4003
"Cherry","031","2001",6060
"Cheyenne","033","2001",9943
"Clay","035","2001",6944
"Colfax","037","2001",10440
"Cuming","039","2001",10054
"Custer","041","2001",11593
"Dakota","043","2001",20331
"Dawes","045","2001",9162
"Dawson","047","2001",24359
"Deuel","049","2001",2085
"Dixon","051","2001",6156
"Dodge","053","2001",36143
"Douglas","055","2001",468125
"Dundy","057","2001",2179
"Fillmore","059","2001",6493
"Franklin","061","2001",3467
"Frontier","063","2001",3069
"Furnas","065","2001",5232
"Gage","067","2001",23039
"Garden","069","2001",2306
"Garfield","071","2001",1913
"Gosper","073","2001",2096
"Grant","075","2001",743
"Greeley","077","2001",2700
"Hall","079","2001",53508
"Hamilton","081","2001",9307
"Harlan","083","2001",3732
"Hayes","085","2001",1088
"Hitchcock","087","2001",3095
"Holt","089","2001",11346
"Hooker","091","2001",745
"Howard","093","2001",6448
"Jefferson","095","2001",8288
"Johnson","097","2001",4491
"Kearney","099","2001",6842
"Keith","101","2001",8767
"KeyaPaha","103","2001",966
"Kimball","105","2001",4055
"Knox","107","2001",9177
"Lancaster","109","2001",254630
"Lincoln","111","2001",34669
"Logan","113","2001",780
"Loup","115","2001",715
"Madison","119","2001",35601
"McPherson","117","2001",534
"Merrick","121","2001",8045
"Morrill","123","2001",5344
"Nance","125","2001",4039
"Nemaha","127","2001",7446
"Nuckolls","129","2001",4947
"Otoe","131","2001",15554
"Pawnee","133","2001",3020
"Perkins","135","2001",3125
"Phelps","137","2001",9704
"Pierce","139","2001",7731
"Platte","141","2001",31319
"Polk","143","2001",5533
"RedWillow","145","2001",11483
"Richardson","147","2001",9260
"Rock","149","2001",1709
"Saline","151","2001",14004
"Sarpy","153","2001",126442
"Saunders","155","2001",19962
"ScottsBluff","157","2001",36561
"Seward","159","2001",16607
"Sheridan","161","2001",5995
"Sherman","163","2001",3289
"Sioux","165","2001",1406
"Stanton","167","2001",6374
"Thayer","169","2001",5884
"Thomas","171","2001",717
"Thurston","173","2001",7085
"Valley","175","2001",4623
"Washington","177","2001",19134
"Wayne","179","2001",9788
"Webster","181","2001",4017
"Wheeler","183","2001",858
"York","185","2001",14438
"Adams","001","2002",30716
"Antelope","003","2002",7229
"Arthur","005","2002",421
"Banner","007","2002",769
"Blaine","009","2002",551
"Boone","011","2002",6053
"BoxButte","013","2002",11951
"Boyd","015","2002",2352
"Brown","017","2002",3497
"Buffalo","019","2002",42949
"Burt","021","2002",7486
"Butler","023","2002",8817
"Cass","025","2002",24602
"Cedar","027","2002",9391
"Chase","029","2002",4045
"Cherry","031","2002",6054
"Cheyenne","033","2002",9973
"Clay","035","2002",6899
"Colfax","037","2002",10478
"Cuming","039","2002",9962
"Custer","041","2002",11508
"Dakota","043","2002",20374
"Dawes","045","2002",9227
"Dawson","047","2002",24149
"Deuel","049","2002",2029
"Dixon","051","2002",6064
"Dodge","053","2002",36060
"Douglas","055","2002",471866
"Dundy","057","2002",2159
"Fillmore","059","2002",6376
"Franklin","061","2002",3484
"Frontier","063","2002",3037
"Furnas","065","2002",5261
"Gage","067","2002",23031
"Garden","069","2002",2284
"Garfield","071","2002",1945
"Gosper","073","2002",2100
"Grant","075","2002",726
"Greeley","077","2002",2696
"Hall","079","2002",53722
"Hamilton","081","2002",9323
"Harlan","083","2002",3677
"Hayes","085","2002",1098
"Hitchcock","087","2002",3056
"Holt","089","2002",11210
"Hooker","091","2002",731
"Howard","093","2002",6427
"Jefferson","095","2002",8253
"Johnson","097","2002",4927
"Kearney","099","2002",6785
"Keith","101","2002",8757
"KeyaPaha","103","2002",957
"Kimball","105","2002",4046
"Knox","107","2002",9108
"Lancaster","109","2002",258398
"Lincoln","111","2002",34525
"Logan","113","2002",764
"Loup","115","2002",736
"Madison","119","2002",35862
"McPherson","117","2002",549
"Merrick","121","2002",8054
"Morrill","123","2002",5225
"Nance","125","2002",3948
"Nemaha","127","2002",7330
"Nuckolls","129","2002",4844
"Otoe","131","2002",15524
"Pawnee","133","2002",3020
"Perkins","135","2002",3119
"Phelps","137","2002",9684
"Pierce","139","2002",7627
"Platte","141","2002",30939
"Polk","143","2002",5556
"RedWillow","145","2002",11436
"Richardson","147","2002",9125
"Rock","149","2002",1674
"Saline","151","2002",14110
"Sarpy","153","2002",129496
"Saunders","155","2002",19925
"ScottsBluff","157","2002",36572
"Seward","159","2002",16574
"Sheridan","161","2002",5995
"Sherman","163","2002",3228
"Sioux","165","2002",1443
"Stanton","167","2002",6453
"Thayer","169","2002",5723
"Thomas","171","2002",691
"Thurston","173","2002",6989
"Valley","175","2002",4541
"Washington","177","2002",19264
"Wayne","179","2002",9664
"Webster","181","2002",3970
"Wheeler","183","2002",837
"York","185","2002",14230
"Adams","001","2003",30693
"Antelope","003","2003",7172
"Arthur","005","2003",439
"Banner","007","2003",763
"Blaine","009","2003",545
"Boone","011","2003",5888
"BoxButte","013","2003",11719
"Boyd","015","2003",2304
"Brown","017","2003",3478
"Buffalo","019","2003",43251
"Burt","021","2003",7366
"Butler","023","2003",8716
"Cass","025","2003",24868
"Cedar","027","2003",9291
"Chase","029","2003",4090
"Cherry","031","2003",6031
"Cheyenne","033","2003",9935
"Clay","035","2003",6859
"Colfax","037","2003",10433
"Cuming","039","2003",9832
"Custer","041","2003",11388
"Dakota","043","2003",20488
"Dawes","045","2003",9306
"Dawson","047","2003",24175
"Deuel","049","2003",2027
"Dixon","051","2003",5984
"Dodge","053","2003",36184
"Douglas","055","2003",476701
"Dundy","057","2003",2170
"Fillmore","059","2003",6371
"Franklin","061","2003",3440
"Frontier","063","2003",2981
"Furnas","065","2003",5207
"Gage","067","2003",23056
"Garden","069","2003",2304
"Garfield","071","2003",1936
"Gosper","073","2003",2136
"Grant","075","2003",697
"Greeley","077","2003",2662
"Hall","079","2003",54050
"Hamilton","081","2003",9349
"Harlan","083","2003",3717
"Hayes","085","2003",1092
"Hitchcock","087","2003",3047
"Holt","089","2003",11042
"Hooker","091","2003",737
"Howard","093","2003",6509
"Jefferson","095","2003",8157
"Johnson","097","2003",5102
"Kearney","099","2003",6800
"Keith","101","2003",8514
"KeyaPaha","103","2003",964
"Kimball","105","2003",3960
"Knox","107","2003",9065
"Lancaster","109","2003",262667
"Lincoln","111","2003",34776
"Logan","113","2003",737
"Loup","115","2003",722
"Madison","119","2003",35858
"McPherson","117","2003",538
"Merrick","121","2003",8033
"Morrill","123","2003",5202
"Nance","125","2003",3842
"Nemaha","127","2003",7215
"Nuckolls","129","2003",4873
"Otoe","131","2003",15478
"Pawnee","133","2003",2907
"Perkins","135","2003",3082
"Phelps","137","2003",9576
"Pierce","139","2003",7615
"Platte","141","2003",30756
"Polk","143","2003",5529
"RedWillow","145","2003",11336
"Richardson","147","2003",8949
"Rock","149","2003",1600
"Saline","151","2003",14232
"Sarpy","153","2003",132017
"Saunders","155","2003",20104
"ScottsBluff","157","2003",36468
"Seward","159","2003",16527
"Sheridan","161","2003",5842
"Sherman","163","2003",3222
"Sioux","165","2003",1489
"Stanton","167","2003",6437
"Thayer","169","2003",5625
"Thomas","171","2003",689
"Thurston","173","2003",6987
"Valley","175","2003",4581
"Washington","177","2003",19510
"Wayne","179","2003",9689
"Webster","181","2003",3952
"Wheeler","183","2003",815
"York","185","2003",14175
"Adams","001","2004",30740
"Antelope","003","2004",7063
"Arthur","005","2004",433
"Banner","007","2004",749
"Blaine","009","2004",515
"Boone","011","2004",5813
"BoxButte","013","2004",11528
"Boyd","015","2004",2246
"Brown","017","2004",3441
"Buffalo","019","2004",43753
"Burt","021","2004",7399
"Butler","023","2004",8631
"Cass","025","2004",25074
"Cedar","027","2004",9246
"Chase","029","2004",4018
"Cherry","031","2004",6064
"Cheyenne","033","2004",9970
"Clay","035","2004",6795
"Colfax","037","2004",10457
"Cuming","039","2004",9709
"Custer","041","2004",11328
"Dakota","043","2004",20410
"Dawes","045","2004",9127
"Dawson","047","2004",24112
"Deuel","049","2004",2025
"Dixon","051","2004",5908
"Dodge","053","2004",36267
"Douglas","055","2004",482075
"Dundy","057","2004",2154
"Fillmore","059","2004",6281
"Franklin","061","2004",3411
"Frontier","063","2004",2990
"Furnas","065","2004",5112
"Gage","067","2004",23052
"Garden","069","2004",2245
"Garfield","071","2004",1955
"Gosper","073","2004",2112
"Grant","075","2004",680
"Greeley","077","2004",2643
"Hall","079","2004",54413
"Hamilton","081","2004",9319
"Harlan","083","2004",3633
"Hayes","085","2004",1063
"Hitchcock","087","2004",3055
"Holt","089","2004",10868
"Hooker","091","2004",748
"Howard","093","2004",6465
"Jefferson","095","2004",8117
"Johnson","097","2004",5372
"Kearney","099","2004",6776
"Keith","101","2004",8444
"KeyaPaha","103","2004",942
"Kimball","105","2004",3921
"Knox","107","2004",9025
"Lancaster","109","2004",265087
"Lincoln","111","2004",35177
"Logan","113","2004",738
"Loup","115","2004",669
"Madison","119","2004",35722
"McPherson","117","2004",531
"Merrick","121","2004",8018
"Morrill","123","2004",5147
"Nance","125","2004",3787
"Nemaha","127","2004",7182
"Nuckolls","129","2004",4872
"Otoe","131","2004",15525
"Pawnee","133","2004",2907
"Perkins","135","2004",3134
"Phelps","137","2004",9535
"Pierce","139","2004",7477
"Platte","141","2004",30658
"Polk","143","2004",5466
"RedWillow","145","2004",11351
"Richardson","147","2004",8879
"Rock","149","2004",1597
"Saline","151","2004",14206
"Sarpy","153","2004",136339
"Saunders","155","2004",20248
"ScottsBluff","157","2004",36278
"Seward","159","2004",16681
"Sheridan","161","2004",5851
"Sherman","163","2004",3255
"Sioux","165","2004",1438
"Stanton","167","2004",6426
"Thayer","169","2004",5495
"Thomas","171","2004",664
"Thurston","173","2004",6943
"Valley","175","2004",4482
"Washington","177","2004",19589
"Wayne","179","2004",9612
"Webster","181","2004",3949
"Wheeler","183","2004",811
"York","185","2004",13952
"Adams","001","2005",30987
"Antelope","003","2005",6994
"Arthur","005","2005",428
"Banner","007","2005",731
"Blaine","009","2005",492
"Boone","011","2005",5746
"BoxButte","013","2005",11422
"Boyd","015","2005",2219
"Brown","017","2005",3329
"Buffalo","019","2005",44131
"Burt","021","2005",7225
"Butler","023","2005",8479
"Cass","025","2005",25170
"Cedar","027","2005",9240
"Chase","029","2005",3983
"Cherry","031","2005",6039
"Cheyenne","033","2005",10125
"Clay","035","2005",6669
"Colfax","037","2005",10238
"Cuming","039","2005",9642
"Custer","041","2005",11248
"Dakota","043","2005",20191
"Dawes","045","2005",9087
"Dawson","047","2005",24085
"Deuel","049","2005",1999
"Dixon","051","2005",5961
"Dodge","053","2005",36442
"Douglas","055","2005",488114
"Dundy","057","2005",2091
"Fillmore","059","2005",6126
"Franklin","061","2005",3425
"Frontier","063","2005",2944
"Furnas","065","2005",5051
"Gage","067","2005",22866
"Garden","069","2005",2111
"Garfield","071","2005",1969
"Gosper","073","2005",2110
"Grant","075","2005",676
"Greeley","077","2005",2577
"Hall","079","2005",54535
"Hamilton","081","2005",9269
"Harlan","083","2005",3558
"Hayes","085","2005",1051
"Hitchcock","087","2005",2954
"Holt","089","2005",10839
"Hooker","091","2005",744
"Howard","093","2005",6432
"Jefferson","095","2005",8025
"Johnson","097","2005",5257
"Kearney","099","2005",6698
"Keith","101","2005",8418
"KeyaPaha","103","2005",904
"Kimball","105","2005",3925
"Knox","107","2005",8897
"Lancaster","109","2005",268868
"Lincoln","111","2005",35577
"Logan","113","2005",747
"Loup","115","2005",652
"Madison","119","2005",35631
"McPherson","117","2005",522
"Merrick","121","2005",7904
"Morrill","123","2005",5110
"Nance","125","2005",3831
"Nemaha","127","2005",7252
"Nuckolls","129","2005",4796
"Otoe","131","2005",15607
"Pawnee","133","2005",2884
"Perkins","135","2005",3145
"Phelps","137","2005",9402
"Pierce","139","2005",7508
"Platte","141","2005",30865
"Polk","143","2005",5473
"RedWillow","145","2005",11219
"Richardson","147","2005",8799
"Rock","149","2005",1557
"Saline","151","2005",14136
"Sarpy","153","2005",140239
"Saunders","155","2005",20460
"ScottsBluff","157","2005",36277
"Seward","159","2005",16601
"Sheridan","161","2005",5726
"Sherman","163","2005",3239
"Sioux","165","2005",1437
"Stanton","167","2005",6376
"Thayer","169","2005",5454
"Thomas","171","2005",661
"Thurston","173","2005",7009
"Valley","175","2005",4395
"Washington","177","2005",19861
"Wayne","179","2005",9654
"Webster","181","2005",3902
"Wheeler","183","2005",832
"York","185","2005",14021
"Adams","001","2006",30910
"Antelope","003","2006",6836
"Arthur","005","2006",450
"Banner","007","2006",733
"Blaine","009","2006",493
"Boone","011","2006",5623
"BoxButte","013","2006",11338
"Boyd","015","2006",2143
"Brown","017","2006",3319
"Buffalo","019","2006",44645
"Burt","021","2006",7122
"Butler","023","2006",8396
"Cass","025","2006",25240
"Cedar","027","2006",9060
"Chase","029","2006",3965
"Cherry","031","2006",5927
"Cheyenne","033","2006",9943
"Clay","035","2006",6609
"Colfax","037","2006",9993
"Cuming","039","2006",9440
"Custer","041","2006",11090
"Dakota","043","2006",20295
"Dawes","045","2006",9040
"Dawson","047","2006",24291
"Deuel","049","2006",1969
"Dixon","051","2006",5987
"Dodge","053","2006",36597
"Douglas","055","2006",493757
"Dundy","057","2006",2051
"Fillmore","059","2006",6053
"Franklin","061","2006",3352
"Frontier","063","2006",2879
"Furnas","065","2006",5016
"Gage","067","2006",22875
"Garden","069","2006",2120
"Garfield","071","2006",1984
"Gosper","073","2006",2075
"Grant","075","2006",677
"Greeley","077","2006",2578
"Hall","079","2006",55190
"Hamilton","081","2006",9196
"Harlan","083","2006",3522
"Hayes","085","2006",994
"Hitchcock","087","2006",2956
"Holt","089","2006",10613
"Hooker","091","2006",751
"Howard","093","2006",6357
"Jefferson","095","2006",7970
"Johnson","097","2006",5257
"Kearney","099","2006",6614
"Keith","101","2006",8381
"KeyaPaha","103","2006",892
"Kimball","105","2006",3879
"Knox","107","2006",8846
"Lancaster","109","2006",272286
"Lincoln","111","2006",35973
"Logan","113","2006",756
"Loup","115","2006",635
"Madison","119","2006",35415
"McPherson","117","2006",518
"Merrick","121","2006",7813
"Morrill","123","2006",5090
"Nance","125","2006",3807
"Nemaha","127","2006",7311
"Nuckolls","129","2006",4709
"Otoe","131","2006",15753
"Pawnee","133","2006",2802
"Perkins","135","2006",3041
"Phelps","137","2006",9405
"Pierce","139","2006",7416
"Platte","141","2006",31100
"Polk","143","2006",5409
"RedWillow","145","2006",11194
"Richardson","147","2006",8642
"Rock","149","2006",1552
"Saline","151","2006",13987
"Sarpy","153","2006",144070
"Saunders","155","2006",20411
"ScottsBluff","157","2006",36223
"Seward","159","2006",16654
"Sheridan","161","2006",5649
"Sherman","163","2006",3148
"Sioux","165","2006",1409
"Stanton","167","2006",6363
"Thayer","169","2006",5312
"Thomas","171","2006",659
"Thurston","173","2006",6947
"Valley","175","2006",4367
"Washington","177","2006",20056
"Wayne","179","2006",9720
"Webster","181","2006",3846
"Wheeler","183","2006",826
"York","185","2006",14130
"Adams","001","2007",30892
"Antelope","003","2007",6767
"Arthur","005","2007",457
"Banner","007","2007",715
"Blaine","009","2007",463
"Boone","011","2007",5582
"BoxButte","013","2007",11409
"Boyd","015","2007",2109
"Brown","017","2007",3225
"Buffalo","019","2007",45060
"Burt","021","2007",6999
"Butler","023","2007",8375
"Cass","025","2007",25256
"Cedar","027","2007",8941
"Chase","029","2007",3913
"Cherry","031","2007",5834
"Cheyenne","033","2007",10139
"Clay","035","2007",6564
"Colfax","037","2007",9993
"Cuming","039","2007",9286
"Custer","041","2007",11005
"Dakota","043","2007",20564
"Dawes","045","2007",9181
"Dawson","047","2007",24178
"Deuel","049","2007",1982
"Dixon","051","2007",5993
"Dodge","053","2007",36647
"Douglas","055","2007",498743
"Dundy","057","2007",2010
"Fillmore","059","2007",5985
"Franklin","061","2007",3207
"Frontier","063","2007",2860
"Furnas","065","2007",4929
"Gage","067","2007",22843
"Garden","069","2007",2046
"Garfield","071","2007",1977
"Gosper","073","2007",2101
"Grant","075","2007",660
"Greeley","077","2007",2538
"Hall","079","2007",55742
"Hamilton","081","2007",9204
"Harlan","083","2007",3511
"Hayes","085","2007",977
"Hitchcock","087","2007",2931
"Holt","089","2007",10541
"Hooker","091","2007",732
"Howard","093","2007",6333
"Jefferson","095","2007",7765
"Johnson","097","2007",5163
"Kearney","099","2007",6624
"Keith","101","2007",8423
"KeyaPaha","103","2007",857
"Kimball","105","2007",3809
"Knox","107","2007",8862
"Lancaster","109","2007",276012
"Lincoln","111","2007",36011
"Logan","113","2007",751
"Loup","115","2007",649
"Madison","119","2007",34298
"McPherson","117","2007",545
"Merrick","121","2007",7709
"Morrill","123","2007",5122
"Nance","125","2007",3766
"Nemaha","127","2007",7220
"Nuckolls","129","2007",4642
"Otoe","131","2007",15841
"Pawnee","133","2007",2791
"Perkins","135","2007",3013
"Phelps","137","2007",9222
"Pierce","139","2007",7314
"Platte","141","2007",31408
"Polk","143","2007",5447
"RedWillow","145","2007",11053
"Richardson","147","2007",8480
"Rock","149","2007",1551
"Saline","151","2007",14069
"Sarpy","153","2007",148214
"Saunders","155","2007",20483
"ScottsBluff","157","2007",36338
"Seward","159","2007",16490
"Sheridan","161","2007",5592
"Sherman","163","2007",3145
"Sioux","165","2007",1404
"Stanton","167","2007",6248
"Thayer","169","2007",5308
"Thomas","171","2007",667
"Thurston","173","2007",6925
"Valley","175","2007",4327
"Washington","177","2007",20203
"Wayne","179","2007",9506
"Webster","181","2007",3859
"Wheeler","183","2007",837
"York","185","2007",14078
"Adams","001","2008",31160
"Antelope","003","2008",6704
"Arthur","005","2008",453
"Banner","007","2008",677
"Blaine","009","2008",456
"Boone","011","2008",5548
"BoxButte","013","2008",11482
"Boyd","015","2008",2102
"Brown","017","2008",3149
"Buffalo","019","2008",45343
"Burt","021","2008",6967
"Butler","023","2008",8355
"Cass","025","2008",25322
"Cedar","027","2008",8839
"Chase","029","2008",3865
"Cherry","031","2008",5752
"Cheyenne","033","2008",10150
"Clay","035","2008",6543
"Colfax","037","2008",10083
"Cuming","039","2008",9215
"Custer","041","2008",11001
"Dakota","043","2008",20559
"Dawes","045","2008",9134
"Dawson","047","2008",24160
"Deuel","049","2008",1986
"Dixon","051","2008",6004
"Dodge","053","2008",36548
"Douglas","055","2008",504547
"Dundy","057","2008",1973
"Fillmore","059","2008",5940
"Franklin","061","2008",3167
"Frontier","063","2008",2786
"Furnas","065","2008",4873
"Gage","067","2008",22574
"Garden","069","2008",2004
"Garfield","071","2008",2001
"Gosper","073","2008",2049
"Grant","075","2008",653
"Greeley","077","2008",2548
"Hall","079","2008",56795
"Hamilton","081","2008",9157
"Harlan","083","2008",3435
"Hayes","085","2008",986
"Hitchcock","087","2008",2927
"Holt","089","2008",10399
"Hooker","091","2008",734
"Howard","093","2008",6261
"Jefferson","095","2008",7684
"Johnson","097","2008",5203
"Kearney","099","2008",6554
"Keith","101","2008",8290
"KeyaPaha","103","2008",836
"Kimball","105","2008",3761
"Knox","107","2008",8708
"Lancaster","109","2008",279605
"Lincoln","111","2008",36301
"Logan","113","2008",730
"Loup","115","2008",630
"Madison","119","2008",34319
"McPherson","117","2008",558
"Merrick","121","2008",7734
"Morrill","123","2008",5079
"Nance","125","2008",3745
"Nemaha","127","2008",7280
"Nuckolls","129","2008",4571
"Otoe","131","2008",15728
"Pawnee","133","2008",2711
"Perkins","135","2008",2949
"Phelps","137","2008",9195
"Pierce","139","2008",7286
"Platte","141","2008",31527
"Polk","143","2008",5402
"RedWillow","145","2008",11034
"Richardson","147","2008",8413
"Rock","149","2008",1554
"Saline","151","2008",14048
"Sarpy","153","2008",152762
"Saunders","155","2008",20446
"ScottsBluff","157","2008",36536
"Seward","159","2008",16653
"Sheridan","161","2008",5500
"Sherman","163","2008",3147
"Sioux","165","2008",1360
"Stanton","167","2008",6145
"Thayer","169","2008",5253
"Thomas","171","2008",661
"Thurston","173","2008",6821
"Valley","175","2008",4228
"Washington","177","2008",20101
"Wayne","179","2008",9481
"Webster","181","2008",3771
"Wheeler","183","2008",831
"York","185","2008",13881
"Adams","001","2009",31280
"Antelope","003","2009",6739
"Arthur","005","2009",442
"Banner","007","2009",686
"Blaine","009","2009",477
"Boone","011","2009",5514
"BoxButte","013","2009",11347
"Boyd","015","2009",2075
"Brown","017","2009",3115
"Buffalo","019","2009",45970
"Burt","021","2009",6885
"Butler","023","2009",8387
"Cass","025","2009",25122
"Cedar","027","2009",8854
"Chase","029","2009",3921
"Cherry","031","2009",5683
"Cheyenne","033","2009",10032
"Clay","035","2009",6512
"Colfax","037","2009",10380
"Cuming","039","2009",9132
"Custer","041","2009",10999
"Dakota","043","2009",20924
"Dawes","045","2009",9218
"Dawson","047","2009",24212
"Deuel","049","2009",1941
"Dixon","051","2009",6013
"Dodge","053","2009",36604
"Douglas","055","2009",511902
"Dundy","057","2009",1997
"Fillmore","059","2009",5898
"Franklin","061","2009",3186
"Frontier","063","2009",2772
"Furnas","065","2009",4934
"Gage","067","2009",22364
"Garden","069","2009",2010
"Garfield","071","2009",2029
"Gosper","073","2009",2020
"Grant","075","2009",619
"Greeley","077","2009",2502
"Hall","079","2009",57955
"Hamilton","081","2009",9113
"Harlan","083","2009",3406
"Hayes","085","2009",987
"Hitchcock","087","2009",2906
"Holt","089","2009",10406
"Hooker","091","2009",733
"Howard","093","2009",6288
"Jefferson","095","2009",7602
"Johnson","097","2009",5199
"Kearney","099","2009",6476
"Keith","101","2009",8320
"KeyaPaha","103","2009",820
"Kimball","105","2009",3799
"Knox","107","2009",8700
"Lancaster","109","2009",283097
"Lincoln","111","2009",36280
"Logan","113","2009",738
"Loup","115","2009",629
"Madison","119","2009",34609
"McPherson","117","2009",537
"Merrick","121","2009",7813
"Morrill","123","2009",5019
"Nance","125","2009",3729
"Nemaha","127","2009",7178
"Nuckolls","129","2009",4495
"Otoe","131","2009",15608
"Pawnee","133","2009",2752
"Perkins","135","2009",2937
"Phelps","137","2009",9148
"Pierce","139","2009",7260
"Platte","141","2009",32017
"Polk","143","2009",5409
"RedWillow","145","2009",11018
"Richardson","147","2009",8383
"Rock","149","2009",1550
"Saline","151","2009",14166
"Sarpy","153","2009",156147
"Saunders","155","2009",20515
"ScottsBluff","157","2009",36677
"Seward","159","2009",16536
"Sheridan","161","2009",5498
"Sherman","163","2009",3129
"Sioux","165","2009",1324
"Stanton","167","2009",6157
"Thayer","169","2009",5210
"Thomas","171","2009",655
"Thurston","173","2009",6866
"Valley","175","2009",4228
"Washington","177","2009",20124
"Wayne","179","2009",9552
"Webster","181","2009",3788
"Wheeler","183","2009",809
"York","185","2009",13689
"Adams","001","2010",31328
"Antelope","003","2010",6679
"Arthur","005","2010",465
"Banner","007","2010",691
"Blaine","009","2010",478
"Boone","011","2010",5511
"BoxButte","013","2010",11274
"Boyd","015","2010",2105
"Brown","017","2010",3154
"Buffalo","019","2010",46174
"Burt","021","2010",6840
"Butler","023","2010",8374
"Cass","025","2010",25240
"Cedar","027","2010",8818
"Chase","029","2010",3966
"Cherry","031","2010",5694
"Cheyenne","033","2010",9968
"Clay","035","2010",6536
"Colfax","037","2010",10540
"Cuming","039","2010",9160
"Custer","041","2010",10910
"Dakota","043","2010",21034
"Dawes","045","2010",9168
"Dawson","047","2010",24314
"Deuel","049","2010",1925
"Dixon","051","2010",5985
"Dodge","053","2010",36672
"Douglas","055","2010",518570
"Dundy","057","2010",2008
"Fillmore","059","2010",5871
"Franklin","061","2010",3244
"Frontier","063","2010",2760
"Furnas","065","2010",4945
"Gage","067","2010",22269
"Garden","069","2010",2075
"Garfield","071","2010",2035
"Gosper","073","2010",2040
"Grant","075","2010",613
"Greeley","077","2010",2546
"Hall","079","2010",58800
"Hamilton","081","2010",9127
"Harlan","083","2010",3422
"Hayes","085","2010",956
"Hitchcock","087","2010",2901
"Holt","089","2010",10434
"Hooker","091","2010",737
"Howard","093","2010",6279
"Jefferson","095","2010",7521
"Johnson","097","2010",5233
"Kearney","099","2010",6477
"Keith","101","2010",8354
"KeyaPaha","103","2010",824
"Kimball","105","2010",3834
"Knox","107","2010",8676
"Lancaster","109","2010",286160
"Lincoln","111","2010",36251
"Logan","113","2010",772
"Loup","115","2010",628
"Madison","119","2010",34963
"McPherson","117","2010",539
"Merrick","121","2010",7848
"Morrill","123","2010",5039
"Nance","125","2010",3740
"Nemaha","127","2010",7238
"Nuckolls","129","2010",4514
"Otoe","131","2010",15748
"Pawnee","133","2010",2781
"Perkins","135","2010",2981
"Phelps","137","2010",9182
"Pierce","139","2010",7260
"Platte","141","2010",32305
"Polk","143","2010",5398
"RedWillow","145","2010",11058
"Richardson","147","2010",8372
"Rock","149","2010",1524
"Saline","151","2010",14222
"Sarpy","153","2010",159721
"Saunders","155","2010",20869
"ScottsBluff","157","2010",37057
"Seward","159","2010",16798
"Sheridan","161","2010",5444
"Sherman","163","2010",3164
"Sioux","165","2010",1311
"Stanton","167","2010",6142
"Thayer","169","2010",5234
"Thomas","171","2010",647
"Thurston","173","2010",6969
"Valley","175","2010",4265
"Washington","177","2010",19923
"Wayne","179","2010",9612
"Webster","181","2010",3809
"Wheeler","183","2010",825
"York","185","2010",13669
"Adams","001","2011",31204
"Antelope","003","2011",6621
"Arthur","005","2011",468
"Banner","007","2011",655
"Blaine","009","2011",475
"Boone","011","2011",5406
"BoxButte","013","2011",11294
"Boyd","015","2011",2078
"Brown","017","2011",3098
"Buffalo","019","2011",46820
"Burt","021","2011",6780
"Butler","023","2011",8255
"Cass","025","2011",25235
"Cedar","027","2011",8750
"Chase","029","2011",3983
"Cherry","031","2011",5730
"Cheyenne","033","2011",9988
"Clay","035","2011",6453
"Colfax","037","2011",10568
"Cuming","039","2011",9116
"Custer","041","2011",10906
"Dakota","043","2011",20813
"Dawes","045","2011",9201
"Dawson","047","2011",24221
"Deuel","049","2011",1957
"Dixon","051","2011",5994
"Dodge","053","2011",36927
"Douglas","055","2011",524121
"Dundy","057","2011",1976
"Fillmore","059","2011",5827
"Franklin","061","2011",3204
"Frontier","063","2011",2714
"Furnas","065","2011",4915
"Gage","067","2011",21906
"Garden","069","2011",2062
"Garfield","071","2011",2010
"Gosper","073","2011",1991
"Grant","075","2011",634
"Greeley","077","2011",2535
"Hall","079","2011",59485
"Hamilton","081","2011",9077
"Harlan","083","2011",3435
"Hayes","085","2011",952
"Hitchcock","087","2011",2861
"Holt","089","2011",10442
"Hooker","091","2011",743
"Howard","093","2011",6295
"Jefferson","095","2011",7550
"Johnson","097","2011",5217
"Kearney","099","2011",6546
"Keith","101","2011",8237
"KeyaPaha","103","2011",819
"Kimball","105","2011",3807
"Knox","107","2011",8574
"Lancaster","109","2011",289884
"Lincoln","111","2011",36029
"Logan","113","2011",779
"Loup","115","2011",616
"Madison","119","2011",35006
"McPherson","117","2011",551
"Merrick","121","2011",7755
"Morrill","123","2011",4985
"Nance","125","2011",3731
"Nemaha","127","2011",7237
"Nuckolls","129","2011",4447
"Otoe","131","2011",15739
"Pawnee","133","2011",2791
"Perkins","135","2011",2947
"Phelps","137","2011",9140
"Pierce","139","2011",7193
"Platte","141","2011",32513
"Polk","143","2011",5340
"RedWillow","145","2011",11048
"Richardson","147","2011",8341
"Rock","149","2011",1480
"Saline","151","2011",14327
"Sarpy","153","2011",162555
"Saunders","155","2011",20839
"ScottsBluff","157","2011",36952
"Seward","159","2011",16703
"Sheridan","161","2011",5361
"Sherman","163","2011",3101
"Sioux","165","2011",1319
"Stanton","167","2011",6175
"Thayer","169","2011",5168
"Thomas","171","2011",698
"Thurston","173","2011",6903
"Valley","175","2011",4228
"Washington","177","2011",19917
"Wayne","179","2011",9453
"Webster","181","2011",3757
"Wheeler","183","2011",815
"York","185","2011",13784
"Adams","001","2012",31347
"Antelope","003","2012",6550
"Arthur","005","2012",479
"Banner","007","2012",684
"Blaine","009","2012",498
"Boone","011","2012",5428
"BoxButte","013","2012",11265
"Boyd","015","2012",2060
"Brown","017","2012",3052
"Buffalo","019","2012",47639
"Burt","021","2012",6679
"Butler","023","2012",8251
"Cass","025","2012",25124
"Cedar","027","2012",8697
"Chase","029","2012",4014
"Cherry","031","2012",5731
"Cheyenne","033","2012",10072
"Clay","035","2012",6383
"Colfax","037","2012",10553
"Cuming","039","2012",9082
"Custer","041","2012",10847
"Dakota","043","2012",20722
"Dawes","045","2012",9132
"Dawson","047","2012",23988
"Deuel","049","2012",1958
"Dixon","051","2012",5885
"Dodge","053","2012",36587
"Douglas","055","2012",530768
"Dundy","057","2012",1980
"Fillmore","059","2012",5714
"Franklin","061","2012",3182
"Frontier","063","2012",2719
"Furnas","065","2012",4883
"Gage","067","2012",21651
"Garden","069","2012",1982
"Garfield","071","2012",1994
"Gosper","073","2012",2079
"Grant","075","2012",625
"Greeley","077","2012",2464
"Hall","079","2012",60094
"Hamilton","081","2012",9040
"Harlan","083","2012",3411
"Hayes","085","2012",919
"Hitchcock","087","2012",2877
"Holt","089","2012",10376
"Hooker","091","2012",718
"Howard","093","2012",6298
"Jefferson","095","2012",7533
"Johnson","097","2012",5185
"Kearney","099","2012",6508
"Keith","101","2012",8220
"KeyaPaha","103","2012",797
"Kimball","105","2012",3802
"Knox","107","2012",8573
"Lancaster","109","2012",293430
"Lincoln","111","2012",35975
"Logan","113","2012",785
"Loup","115","2012",605
"Madison","119","2012",35088
"McPherson","117","2012",509
"Merrick","121","2012",7840
"Morrill","123","2012",4934
"Nance","125","2012",3673
"Nemaha","127","2012",7150
"Nuckolls","129","2012",4430
"Otoe","131","2012",15689
"Pawnee","133","2012",2791
"Perkins","135","2012",2933
"Phelps","137","2012",9210
"Pierce","139","2012",7187
"Platte","141","2012",32674
"Polk","143","2012",5269
"RedWillow","145","2012",11044
"Richardson","147","2012",8283
"Rock","149","2012",1426
"Saline","151","2012",14423
"Sarpy","153","2012",165662
"Saunders","155","2012",20795
"ScottsBluff","157","2012",36902
"Seward","159","2012",16894
"Sheridan","161","2012",5329
"Sherman","163","2012",3078
"Sioux","165","2012",1323
"Stanton","167","2012",6090
"Thayer","169","2012",5144
"Thomas","171","2012",701
"Thurston","173","2012",6925
"Valley","175","2012",4216
"Washington","177","2012",19948
"Wayne","179","2012",9502
"Webster","181","2012",3734
"Wheeler","183","2012",797
"York","185","2012",13836
"Adams","001","2013",31534
"Antelope","003","2013",6472
"Arthur","005","2013",454
"Banner","007","2013",678
"Blaine","009","2013",470
"Boone","011","2013",5397
"BoxButte","013","2013",11297
"Boyd","015","2013",2016
"Brown","017","2013",2958
"Buffalo","019","2013",48002
"Burt","021","2013",6568
"Butler","023","2013",8230
"Cass","025","2013",25295
"Cedar","027","2013",8624
"Chase","029","2013",3979
"Cherry","031","2013",5754
"Cheyenne","033","2013",10065
"Clay","035","2013",6358
"Colfax","037","2013",10455
"Cuming","039","2013",9010
"Custer","041","2013",10832
"Dakota","043","2013",20777
"Dawes","045","2013",9061
"Dawson","047","2013",24029
"Deuel","049","2013",1920
"Dixon","051","2013",5811
"Dodge","053","2013",36498
"Douglas","055","2013",536783
"Dundy","057","2013",1957
"Fillmore","059","2013",5637
"Franklin","061","2013",3063
"Frontier","063","2013",2716
"Furnas","065","2013",4830
"Gage","067","2013",21766
"Garden","069","2013",1923
"Garfield","071","2013",2022
"Gosper","073","2013",2017
"Grant","075","2013",633
"Greeley","077","2013",2483
"Hall","079","2013",60490
"Hamilton","081","2013",9123
"Harlan","083","2013",3487
"Hayes","085","2013",947
"Hitchcock","087","2013",2857
"Holt","089","2013",10382
"Hooker","091","2013",731
"Howard","093","2013",6337
"Jefferson","095","2013",7512
"Johnson","097","2013",5166
"Kearney","099","2013",6485
"Keith","101","2013",8154
"KeyaPaha","103","2013",790
"Kimball","105","2013",3694
"Knox","107","2013",8553
"Lancaster","109","2013",297120
"Lincoln","111","2013",35938
"Logan","113","2013",777
"Loup","115","2013",587
"Madison","119","2013",35158
"McPherson","117","2013",528
"Merrick","121","2013",7825
"Morrill","123","2013",4926
"Nance","125","2013",3558
"Nemaha","127","2013",7148
"Nuckolls","129","2013",4384
"Otoe","131","2013",15688
"Pawnee","133","2013",2750
"Perkins","135","2013",2894
"Phelps","137","2013",9179
"Pierce","139","2013",7180
"Platte","141","2013",32603
"Polk","143","2013",5246
"RedWillow","145","2013",11053
"Richardson","147","2013",8132
"Rock","149","2013",1440
"Saline","151","2013",14305
"Sarpy","153","2013",169001
"Saunders","155","2013",20876
"ScottsBluff","157","2013",36850
"Seward","159","2013",16991
"Sheridan","161","2013",5209
"Sherman","163","2013",3061
"Sioux","165","2013",1330
"Stanton","167","2013",6088
"Thayer","169","2013",5177
"Thomas","171","2013",705
"Thurston","173","2013",6873
"Valley","175","2013",4181
"Washington","177","2013",19852
"Wayne","179","2013",9444
"Webster","181","2013",3643
"Wheeler","183","2013",779
"York","185","2013",13853
"Adams","001","2014",31396
"Antelope","003","2014",6419
"Arthur","005","2014",451
"Banner","007","2014",670
"Blaine","009","2014",490
"Boone","011","2014",5356
"BoxButte","013","2014",11299
"Boyd","015","2014",2019
"Brown","017","2014",2974
"Buffalo","019","2014",48205
"Burt","021","2014",6543
"Butler","023","2014",8178
"Cass","025","2014",25404
"Cedar","027","2014",8541
"Chase","029","2014",3979
"Cherry","031","2014",5741
"Cheyenne","033","2014",10112
"Clay","035","2014",6314
"Colfax","037","2014",10666
"Cuming","039","2014",9018
"Custer","041","2014",10773
"Dakota","043","2014",20565
"Dawes","045","2014",9018
"Dawson","047","2014",23998
"Deuel","049","2014",1926
"Dixon","051","2014",5757
"Dodge","053","2014",36616
"Douglas","055","2014",543098
"Dundy","057","2014",1865
"Fillmore","059","2014",5603
"Franklin","061","2014",3048
"Frontier","063","2014",2722
"Furnas","065","2014",4852
"Gage","067","2014",21555
"Garden","069","2014",1908
"Garfield","071","2014",2000
"Gosper","073","2014",2004
"Grant","075","2014",626
"Greeley","077","2014",2483
"Hall","079","2014",61104
"Hamilton","081","2014",9102
"Harlan","083","2014",3468
"Hayes","085","2014",910
"Hitchcock","087","2014",2882
"Holt","089","2014",10361
"Hooker","091","2014",722
"Howard","093","2014",6352
"Jefferson","095","2014",7299
"Johnson","097","2014",5221
"Kearney","099","2014",6587
"Keith","101","2014",8170
"KeyaPaha","103","2014",795
"Kimball","105","2014",3726
"Knox","107","2014",8473
"Lancaster","109","2014",302644
"Lincoln","111","2014",35652
"Logan","113","2014",767
"Loup","115","2014",596
"Madison","119","2014",35100
"McPherson","117","2014",510
"Merrick","121","2014",7784
"Morrill","123","2014",4919
"Nance","125","2014",3527
"Nemaha","127","2014",7129
"Nuckolls","129","2014",4347
"Otoe","131","2014",15780
"Pawnee","133","2014",2725
"Perkins","135","2014",2878
"Phelps","137","2014",9162
"Pierce","139","2014",7202
"Platte","141","2014",32752
"Polk","143","2014",5272
"RedWillow","145","2014",10900
"Richardson","147","2014",8108
"Rock","149","2014",1449
"Saline","151","2014",14303
"Sarpy","153","2014",171872
"Saunders","155","2014",20858
"ScottsBluff","157","2014",36435
"Seward","159","2014",17008
"Sheridan","161","2014",5253
"Sherman","163","2014",3034
"Sioux","165","2014",1321
"Stanton","167","2014",6098
"Thayer","169","2014",5211
"Thomas","171","2014",701
"Thurston","173","2014",6961
"Valley","175","2014",4217
"Washington","177","2014",19929
"Wayne","179","2014",9405
"Webster","181","2014",3645
"Wheeler","183","2014",786
"York","185","2014",13918
"Adams","001","2015",31569
"Antelope","003","2015",6413
"Arthur","005","2015",451
"Banner","007","2015",713
"Blaine","009","2015",477
"Boone","011","2015",5311
"BoxButte","013","2015",11327
"Boyd","015","2015",2000
"Brown","017","2015",2982
"Buffalo","019","2015",48615
"Burt","021","2015",6535
"Butler","023","2015",8056
"Cass","025","2015",25413
"Cedar","027","2015",8515
"Chase","029","2015",3961
"Cherry","031","2015",5818
"Cheyenne","033","2015",10136
"Clay","035","2015",6292
"Colfax","037","2015",10734
"Cuming","039","2015",9077
"Custer","041","2015",10830
"Dakota","043","2015",20566
"Dawes","045","2015",8954
"Dawson","047","2015",23903
"Deuel","049","2015",1910
"Dixon","051","2015",5765
"Dodge","053","2015",36560
"Douglas","055","2015",549052
"Dundy","057","2015",1773
"Fillmore","059","2015",5554
"Franklin","061","2015",2977
"Frontier","063","2015",2632
"Furnas","065","2015",4830
"Gage","067","2015",21706
"Garden","069","2015",1916
"Garfield","071","2015",2014
"Gosper","073","2015",2025
"Grant","075","2015",646
"Greeley","077","2015",2435
"Hall","079","2015",61149
"Hamilton","081","2015",9140
"Harlan","083","2015",3442
"Hayes","085","2015",915
"Hitchcock","087","2015",2883
"Holt","089","2015",10268
"Hooker","091","2015",714
"Howard","093","2015",6382
"Jefferson","095","2015",7213
"Johnson","097","2015",5240
"Kearney","099","2015",6556
"Keith","101","2015",8132
"KeyaPaha","103","2015",797
"Kimball","105","2015",3716
"Knox","107","2015",8468
"Lancaster","109","2015",306136
"Lincoln","111","2015",35512
"Logan","113","2015",790
"Loup","115","2015",606
"Madison","119","2015",35021
"McPherson","117","2015",489
"Merrick","121","2015",7801
"Morrill","123","2015",4925
"Nance","125","2015",3573
"Nemaha","127","2015",7002
"Nuckolls","129","2015",4316
"Otoe","131","2015",15840
"Pawnee","133","2015",2690
"Perkins","135","2015",2937
"Phelps","137","2015",9214
"Pierce","139","2015",7189
"Platte","141","2015",32890
"Polk","143","2015",5179
"RedWillow","145","2015",10886
"Richardson","147","2015",8022
"Rock","149","2015",1417
"Saline","151","2015",14204
"Sarpy","153","2015",175245
"Saunders","155","2015",20946
"ScottsBluff","157","2015",36230
"Seward","159","2015",16995
"Sheridan","161","2015",5216
"Sherman","163","2015",3036
"Sioux","165","2015",1276
"Stanton","167","2015",5942
"Thayer","169","2015",5127
"Thomas","171","2015",695
"Thurston","173","2015",7072
"Valley","175","2015",4168
"Washington","177","2015",19922
"Wayne","179","2015",9373
"Webster","181","2015",3592
"Wheeler","183","2015",779
"York","185","2015",13796
"Adams","001","2016",31663
"Antelope","003","2016",6343
"Arthur","005","2016",466
"Banner","007","2016",720
"Blaine","009","2016",470
"Boone","011","2016",5332
"BoxButte","013","2016",11185
"Boyd","015","2016",1975
"Brown","017","2016",2980
"Buffalo","019","2016",49215
"Burt","021","2016",6535
"Butler","023","2016",7996
"Cass","025","2016",25630
"Cedar","027","2016",8597
"Chase","029","2016",3913
"Cherry","031","2016",5825
"Cheyenne","033","2016",10044
"Clay","035","2016",6137
"Colfax","037","2016",10746
"Cuming","039","2016",8956
"Custer","041","2016",10827
"Dakota","043","2016",20302
"Dawes","045","2016",8907
"Dawson","047","2016",23765
"Deuel","049","2016",1861
"Dixon","051","2016",5738
"Dodge","053","2016",36655
"Douglas","055","2016",555358
"Dundy","057","2016",1810
"Fillmore","059","2016",5623
"Franklin","061","2016",2994
"Frontier","063","2016",2647
"Furnas","065","2016",4763
"Gage","067","2016",21608
"Garden","069","2016",1907
"Garfield","071","2016",1994
"Gosper","073","2016",2025
"Grant","075","2016",665
"Greeley","077","2016",2401
"Hall","079","2016",61477
"Hamilton","081","2016",9157
"Harlan","083","2016",3452
"Hayes","085","2016",890
"Hitchcock","087","2016",2831
"Holt","089","2016",10230
"Hooker","091","2016",683
"Howard","093","2016",6407
"Jefferson","095","2016",7166
"Johnson","097","2016",5214
"Kearney","099","2016",6558
"Keith","101","2016",8092
"KeyaPaha","103","2016",792
"Kimball","105","2016",3675
"Knox","107","2016",8484
"Lancaster","109","2016",310440
"Lincoln","111","2016",35501
"Logan","113","2016",789
"Loup","115","2016",615
"Madison","119","2016",35036
"McPherson","117","2016",503
"Merrick","121","2016",7834
"Morrill","123","2016",4865
"Nance","125","2016",3563
"Nemaha","127","2016",6971
"Nuckolls","129","2016",4259
"Otoe","131","2016",15941
"Pawnee","133","2016",2698
"Perkins","135","2016",2898
"Phelps","137","2016",9187
"Pierce","139","2016",7142
"Platte","141","2016",33028
"Polk","143","2016",5203
"RedWillow","145","2016",10770
"Richardson","147","2016",7999
"Rock","149","2016",1404
"Saline","151","2016",14227
"Sarpy","153","2016",178503
"Saunders","155","2016",20993
"ScottsBluff","157","2016",36409
"Seward","159","2016",17110
"Sheridan","161","2016",5231
"Sherman","163","2016",3011
"Sioux","165","2016",1259
"Stanton","167","2016",5971
"Thayer","169","2016",5079
"Thomas","171","2016",727
"Thurston","173","2016",7141
"Valley","175","2016",4200
"Washington","177","2016",20227
"Wayne","179","2016",9395
"Webster","181","2016",3567
"Wheeler","183","2016",804
"York","185","2016",13738
"Adams","001","2017",31774
"Antelope","003","2017",6348
"Arthur","005","2017",455
"Banner","007","2017",734
"Blaine","009","2017",478
"Boone","011","2017",5329
"BoxButte","013","2017",10860
"Boyd","015","2017",1962
"Brown","017","2017",3007
"Buffalo","019","2017",49502
"Burt","021","2017",6537
"Butler","023","2017",8040
"Cass","025","2017",25904
"Cedar","027","2017",8515
"Chase","029","2017",3944
"Cherry","031","2017",5807
"Cheyenne","033","2017",9657
"Clay","035","2017",6204
"Colfax","037","2017",10775
"Cuming","039","2017",8964
"Custer","041","2017",10880
"Dakota","043","2017",20068
"Dawes","045","2017",8885
"Dawson","047","2017",23643
"Deuel","049","2017",1868
"Dixon","051","2017",5760
"Dodge","053","2017",36794
"Douglas","055","2017",560573
"Dundy","057","2017",1793
"Fillmore","059","2017",5564
"Franklin","061","2017",2988
"Frontier","063","2017",2626
"Furnas","065","2017",4768
"Gage","067","2017",21615
"Garden","069","2017",1897
"Garfield","071","2017",1999
"Gosper","073","2017",2027
"Grant","075","2017",649
"Greeley","077","2017",2377
"Hall","079","2017",61377
"Hamilton","081","2017",9210
"Harlan","083","2017",3428
"Hayes","085","2017",893
"Hitchcock","087","2017",2815
"Holt","089","2017",10186
"Hooker","091","2017",668
"Howard","093","2017",6414
"Jefferson","095","2017",7164
"Johnson","097","2017",5176
"Kearney","099","2017",6513
"Keith","101","2017",8078
"KeyaPaha","103","2017",793
"Kimball","105","2017",3601
"Knox","107","2017",8458
"Lancaster","109","2017",313977
"Lincoln","111","2017",35314
"Logan","113","2017",762
"Loup","115","2017",605
"Madison","119","2017",35272
"McPherson","117","2017",494
"Merrick","121","2017",7861
"Morrill","123","2017",4808
"Nance","125","2017",3576
"Nemaha","127","2017",6961
"Nuckolls","129","2017",4260
"Otoe","131","2017",15932
"Pawnee","133","2017",2633
"Perkins","135","2017",2894
"Phelps","137","2017",9042
"Pierce","139","2017",7108
"Platte","141","2017",33282
"Polk","143","2017",5344
"RedWillow","145","2017",10750
"Richardson","147","2017",7981
"Rock","149","2017",1422
"Saline","151","2017",14357
"Sarpy","153","2017",181678
"Saunders","155","2017",21019
"ScottsBluff","157","2017",36213
"Seward","159","2017",17202
"Sheridan","161","2017",5278
"Sherman","163","2017",3090
"Sioux","165","2017",1201
"Stanton","167","2017",5977
"Thayer","169","2017",5036
"Thomas","171","2017",730
"Thurston","173","2017",7225
"Valley","175","2017",4230
"Washington","177","2017",20351
"Wayne","179","2017",9260
"Webster","181","2017",3520
"Wheeler","183","2017",816
"York","185","2017",13770
"Adams","001","2018",31511
"Antelope","003","2018",6336
"Arthur","005","2018",465
"Banner","007","2018",730
"Blaine","009","2018",476
"Boone","011","2018",5239
"BoxButte","013","2018",10772
"Boyd","015","2018",1955
"Brown","017","2018",2973
"Buffalo","019","2018",49615
"Burt","021","2018",6488
"Butler","023","2018",8058
"Cass","025","2018",26159
"Cedar","027","2018",8446
"Chase","029","2018",3977
"Cherry","031","2018",5761
"Cheyenne","033","2018",9310
"Clay","035","2018",6214
"Colfax","037","2018",10881
"Cuming","039","2018",8940
"Custer","041","2018",10840
"Dakota","043","2018",20083
"Dawes","045","2018",8716
"Dawson","047","2018",23709
"Deuel","049","2018",1825
"Dixon","051","2018",5709
"Dodge","053","2018",36791
"Douglas","055","2018",566880
"Dundy","057","2018",1770
"Fillmore","059","2018",5527
"Franklin","061","2018",3023
"Frontier","063","2018",2608
"Furnas","065","2018",4715
"Gage","067","2018",21493
"Garden","069","2018",1897
"Garfield","071","2018",1987
"Gosper","073","2018",1996
"Grant","075","2018",660
"Greeley","077","2018",2356
"Hall","079","2018",61607
"Hamilton","081","2018",9280
"Harlan","083","2018",3401
"Hayes","085","2018",916
"Hitchcock","087","2018",2806
"Holt","089","2018",10178
"Hooker","091","2018",682
"Howard","093","2018",6468
"Jefferson","095","2018",7097
"Johnson","097","2018",5134
"Kearney","099","2018",6544
"Keith","101","2018",8021
"KeyaPaha","103","2018",810
"Kimball","105","2018",3618
"Knox","107","2018",8419
"Lancaster","109","2018",317272
"Lincoln","111","2018",35185
"Logan","113","2018",749
"Loup","115","2018",618
"Madison","119","2018",35392
"McPherson","117","2018",492
"Merrick","121","2018",7733
"Morrill","123","2018",4686
"Nance","125","2018",3532
"Nemaha","127","2018",6958
"Nuckolls","129","2018",4195
"Otoe","131","2018",15985
"Pawnee","133","2018",2632
"Perkins","135","2018",2929
"Phelps","137","2018",8996
"Pierce","139","2018",7142
"Platte","141","2018",33363
"Polk","143","2018",5278
"RedWillow","145","2018",10726
"Richardson","147","2018",7937
"Rock","149","2018",1360
"Saline","151","2018",14350
"Sarpy","153","2018",184459
"Saunders","155","2018",21303
"ScottsBluff","157","2018",35989
"Seward","159","2018",17318
"Sheridan","161","2018",5190
"Sherman","163","2018",3038
"Sioux","165","2018",1187
"Stanton","167","2018",5970
"Thayer","169","2018",5039
"Thomas","171","2018",720
"Thurston","173","2018",7303
"Valley","175","2018",4190
"Washington","177","2018",20667
"Wayne","179","2018",9403
"Webster","181","2018",3533
"Wheeler","183","2018",805
"York","185","2018",13772
